id,name,link
14319,تری دیری,/profile/14319-terry-deary
14929,نسرین جزنی,/profile/14929-%d9%86%d8%b3%d8%b1%db%8c%d9%86-%d8%ac%d8%b2%d9%86%db%8c
3274,مجموعه ی نویسندگان,/profile/3274-group-of-authors
26997,آن جردن,/profile/26997-anne-jordan
4943,رضا زنگی آبادی,/profile/4943-%d8%b1%d8%b6%d8%a7-%d8%b2%d9%86%da%af%db%8c-%d8%a2%d8%a8%d8%a7%d8%af%db%8c
11484,میشائیل انده,/profile/11484-michael-ende
17747,حسن چابک,/profile/17747-hasan-chabok
11871,دانیل اسمیت,/profile/11871-daniel-smith
31542,جواد ترشیزی,/profile/31542-%d8%ac%d9%88%d8%a7%d8%af-%d8%aa%d8%b1%d8%b4%db%8c%d8%b2%db%8c
4985,بنفشه حجازی,/profile/4985-banafshe-hejazi
52921,یحیی معروف,/profile/52921-%db%8c%d8%ad%db%8c%db%8c-%d9%85%d8%b9%d8%b1%d9%88%d9%81
24381,زهره یزدان پناه قره تپه,/profile/24381-%d8%b2%d9%87%d8%b1%d9%87-%db%8c%d8%b2%d8%af%d8%a7%d9%86-%d9%be%d9%86%d8%a7%d9%87-%d9%82%d8%b1%d9%87-%d8%aa%d9%be%d9%87
26943,باب پراکتور,/profile/26943-bob-proctor
18389,یوزف ویزهوفر,/profile/18389-josef-wieseh%c3%b6fer
37624,کاظم میقانی,/profile/37624-%da%a9%d8%a7%d8%b8%d9%85-%d9%85%db%8c%d9%82%d8%a7%d9%86%db%8c
26541,کیت گرینت,/profile/26541-keith-grint
4690,ابوالفضل زرویی نصرآباد,/profile/4690-%d8%a7%d8%a8%d9%88%d8%a7%d9%84%d9%81%d8%b6%d9%84-%d8%b2%d8%b1%d9%88%db%8c%db%8c-%d9%86%d8%b5%d8%b1%d8%a2%d8%a8%d8%a7%d8%af
5185,نسیم عرب امیری,/profile/5185-nasim-arab-amiri
7713,واتسلاف هاول,/profile/7713-v%c3%a1clav-havel
9341,روح الله خالقی,/profile/9341-ruhollah-khaleqi
32815,عرفان معتضد,/profile/32815-%d8%b9%d8%b1%d9%81%d8%a7%d9%86-%d9%85%d8%b9%d8%aa%d8%b6%d8%af
5833,محمدقلی مجد,/profile/5833-mohammadgholi-majd
1045,اسپنسر جانسون,/profile/1045-spencer-johnson
279,ویلیام فاکنر,/profile/279-william-faulkner
8766,آر ال استاین,/profile/8766-r-l-stine
23746,دیزی مدوز,/profile/23746-daisy-meadows
54923,آلن آراگون,/profile/54923-alan-aragon
66279,علی تیموری,/profile/66279-%d8%b9%d9%84%db%8c-%d8%aa%db%8c%d9%85%d9%88%d8%b1%db%8c
13036,سلمان علی یاری بابلقانی,/profile/13036-salman-aliyari
18453,عباس رحیمی,/profile/18453-abbas-rahimi
7801,ال جی اسمیت,/profile/7801-l-j-smith
30319,جعفر رزمی,/profile/30319-%d8%ac%d8%b9%d9%81%d8%b1-%d8%b1%d8%b2%d9%85%db%8c
25589,مایک گلداسمیت,/profile/25589-mike-goldsmith
42082,اشرف شبانی,/profile/42082-ashraf-shabani
16240,عباس تربن,/profile/16240-%d8%b9%d8%a8%d8%a7%d8%b3-%d8%aa%d8%b1%d8%a8%d9%86
8378,هنری جیمز,/profile/8378-henry-james
42002,پیمان فخاریان,/profile/42002-%d9%be%db%8c%d9%85%d8%a7%d9%86-%d9%81%d8%ae%d8%a7%d8%b1%db%8c%d8%a7%d9%86
67464,هیلاری گوپنیک,/profile/67464-hilary-gopnik
20859,محمدتقی فاضل میبدی,/profile/20859-mohammad-taghi-fazel-meybodi
56466,کریستین فوکس,/profile/56466-christian-fuchs
52173,گلوریا اوربوش,/profile/52173-gloria-averbuch
5241,ع پاشایی,/profile/5241-%d8%b9-%d9%be%d8%a7%d8%b4%d8%a7%db%8c%db%8c
16947,مکس لوکیدو,/profile/16947-max-lucado
4602,میرچا الیاده,/profile/4602-mircea-eliade
53005,حسین لطف آبادی,/profile/53005-%d8%ad%d8%b3%db%8c%d9%86-%d9%84%d8%b7%d9%81-%d8%a2%d8%a8%d8%a7%d8%af%db%8c
55632,رضا خواجه نوری,/profile/55632-%d8%b1%d8%b6%d8%a7-%d8%ae%d9%88%d8%a7%d8%ac%d9%87-%d9%86%d9%88%d8%b1%db%8c
41551,گانر اسکربک,/profile/41551-gunnar-skirbekk
5938,آگوست ویلسن,/profile/5938-august-wilson
20743,محمد انتظاری,/profile/20743-%d9%85%d8%ad%d9%85%d8%af-%d8%a7%d9%86%d8%aa%d8%b8%d8%a7%d8%b1%db%8c
70250,انریکو چرولی,/profile/70250-enrico-cerulli
4965,علی حیدری,/profile/4965-ali-heidari
26722,فاطمه مرادی,/profile/26722-fatemeh-moradi
65522,محمدرضا عابدینی,/profile/65522-%d9%85%d8%ad%d9%85%d8%af%d8%b1%d8%b6%d8%a7-%d8%b9%d8%a7%d8%a8%d8%af%db%8c%d9%86%db%8c
2604,محمد علی جمال زاده,/profile/2604-mohamad-ali-jamalzadeh
2204,جلال الدین محمد بلخی(مولانا),/profile/2204-rumi
54705,مانوئل الخاندرو کاردنته,/profile/54705-manuel-alejandro-cardenete
5598,تزوتان تودوروف,/profile/5598-tzvetan-todorov
31407,جسی امزپک,/profile/31407-jesse-emspak
14647,بل مونی,/profile/14647-bel-mooney
29117,سوفی دیوری,/profile/29117-sophie-divry
3293,زهرا موسوی,/profile/3293-zahra-mousavi
41795,بهروز واثقی,/profile/41795-%d8%a8%d9%87%d8%b1%d9%88%d8%b2-%d9%88%d8%a7%d8%ab%d9%82%db%8c
51241,فیل کیم,/profile/51241-phil-kim
12762,مارگارت پیترسون هدیکس,/profile/12762-margaret-peterson-haddix
9676,عباس سلیمی آنگیل,/profile/9676-abbas-salimi-angil
35625,عبدالجبار سروش,/profile/35625-%d8%b9%d8%a8%d8%af%d8%a7%d9%84%d8%ac%d8%a8%d8%a7%d8%b1-%d8%b3%d8%b1%d9%88%d8%b4
29970,عبدالله علیخانی,/profile/29970-%d8%b9%d8%a8%d8%af%d8%a7%d9%84%d9%84%d9%87-%d8%b9%d9%84%db%8c%d8%ae%d8%a7%d9%86%db%8c
27447,آناتولی کارپف,/profile/27447-anatoly-karpov
10463,سلیم باشکوه,/profile/10463-salim-bashokouh
3284,ویسواوا شیمبورسکا,/profile/3284-wis%c5%82awa-szymborska
18041,رابرت البرتی,/profile/18041-robert-alberti
30587,بروس فیشر,/profile/30587-bruce-fisher
16280,محمدرضا شهبازی,/profile/16280-%d9%85%d8%ad%d9%85%d8%af%d8%b1%d8%b6%d8%a7-%d8%b4%d9%87%d8%a8%d8%a7%d8%b2%db%8c
8078,بوریس گرویس,/profile/8078-boris-groys
70676,پرویز ملکی,/profile/70676-%d9%be%d8%b1%d9%88%db%8c%d8%b2-%d9%85%d9%84%da%a9%db%8c
19730,مهناز عسگری,/profile/19730-%d9%85%d9%87%d9%86%d8%a7%d8%b2-%d8%b9%d8%b3%da%af%d8%b1%db%8c
3464,محمدرضا شمس,/profile/3464-mohammadreza-shams
33553,رابین برمن,/profile/33553-robin-berman
2288,برایان تریسی,/profile/2288-brian-tracy
11352,محمدرضا توکلی صابری,/profile/11352-mohammadreza-tavakoli
1050,بن هوروویتز,/profile/1050-ben-horowitz
9541,جیم الخلیلی,/profile/9541-jim-al-khalili
16376,مل لیسستر,/profile/16376-mal-leicester
7784,اصغر الهی,/profile/7784-asghar-elahi
23114,سارا شیرازی,/profile/23114-sarah-shirazi
56009,فرزانه اصفهانی,/profile/56009-%d9%81%d8%b1%d8%b2%d8%a7%d9%86%d9%87-%d8%a7%d8%b5%d9%81%d9%87%d8%a7%d9%86%db%8c
25587,درک میلن,/profile/25587-derek-milne
48125,ایرینا ویکتورنا استپانوا,/profile/48125-irina-viktorovna-stepanova
35166,پرافول شارما,/profile/35166-prafull-sharma
25456,الیزابت کوییپرز,/profile/25456-elizabeth-kuipers
46650,مهری علی عسگری (بانو),/profile/46650-%d9%85%d9%87%d8%b1%db%8c-%d8%b9%d9%84%db%8c-%d8%b9%d8%b3%da%af%d8%b1%db%8c-%d8%a8%d8%a7%d9%86%d9%88
3026,سعید نفیسی,/profile/3026-saeid-nafisi
4926,فردریک چارلز کاپلستون,/profile/4926-frederick-copleston
3066,مکس تگمارک,/profile/3066-max-tegmark
304,نیکول کراوس,/profile/304-nicole-krauss
4842,ابو عبدالله جعفربن محمد رودکی,/profile/4842-rudaki
34168,مولی مهدی نراقی,/profile/34168-%d9%85%d9%88%d9%84%db%8c-%d9%85%d9%87%d8%af%db%8c-%d9%86%d8%b1%d8%a7%d9%82%db%8c
14795,مسعود نیلی,/profile/14795-masoud-nili
423,یوستین گوردر,/profile/423-jostein-gaarder
38123,سعید شفیعی,/profile/38123-%d8%b3%d8%b9%db%8c%d8%af-%d8%b4%d9%81%db%8c%d8%b9%db%8c
17616,لورا جی کولکر,/profile/17616-laura-j-colker
4301,جان سی مکسول,/profile/4301-john-calvin-maxwell
24668,هوشنگ صهبا,/profile/24668-houshang-sahba
38757,پیپا نوریس,/profile/38757-pippa-norris
3438,نایجل واربرتون,/profile/3438-nigel-warburton
44713,پل کلاوال,/profile/44713-paul-claval
4591,جلیل صفربیگی,/profile/4591-jalil-safarneigi
9505,داوسان چرچ,/profile/9505-dawson-church
2659,اریک برن,/profile/2659-eric-berne
4348,نادر ابراهیمی,/profile/4348-nader-ebrahimi
5385,بابک احمدی,/profile/5385-babak-ahmadi
33751,مژگان گروه ای,/profile/33751-%d9%85%da%98%da%af%d8%a7%d9%86-%da%af%d8%b1%d9%88%d9%87-%d8%a7%db%8c
10890,عباس جهانگیریان,/profile/10890-abbas-jahangiri
10076,احسان محمدی,/profile/10076-ehsan-mohammadi
4824,فیض شریفی,/profile/4824-%d9%81%db%8c%d8%b6-%d8%b4%d8%b1%db%8c%d9%81%db%8c
24010,جوزف د کتنر‏‫,/profile/24010-joseph-ketner
66583,عباس حضرت,/profile/66583-%d8%b9%d8%a8%d8%a7%d8%b3-%d8%ad%d8%b6%d8%b1%d8%aa
14660,ژان موزی,/profile/14660-jean-muzi
14661,جو چاندلر هریس,/profile/14661-joel-chandler-harris
33991,مسعود میناوی,/profile/33991-%d9%85%d8%b3%d8%b9%d9%88%d8%af-%d9%85%db%8c%d9%86%d8%a7%d9%88%db%8c
52332,قائم عظیمی یانچشمه,/profile/52332-%d9%82%d8%a7%d8%a6%d9%85-%d8%b9%d8%b8%db%8c%d9%85%db%8c-%db%8c%d8%a7%d9%86%da%86%d8%b4%d9%85%d9%87
22157,امانوئلا تودوا,/profile/22157-emanuela-todeva
12476,محمدامین رسول زاده,/profile/12476-mammad-amin-rasulzadeh
25674,شهرام گیل آبادی,/profile/25674-%d8%b4%d9%87%d8%b1%d8%a7%d9%85-%da%af%db%8c%d9%84-%d8%a2%d8%a8%d8%a7%d8%af%db%8c
25522,آوا تی آلبرشت,/profile/25522-ava-t-albrecht
27334,پریسا شادقزوینی,/profile/27334-%d9%be%d8%b1%db%8c%d8%b3%d8%a7-%d8%b4%d8%a7%d8%af%d9%82%d8%b2%d9%88%db%8c%d9%86%db%8c
42000,بابک رستمی,/profile/42000-%d8%a8%d8%a7%d8%a8%da%a9-%d8%b1%d8%b3%d8%aa%d9%85%db%8c
3979,زینب علیزاده,/profile/3979-zeinab-alizadeh
20318,محمد حسینی بهشتی,/profile/20318-%d9%85%d8%ad%d9%85%d8%af-%d8%ad%d8%b3%db%8c%d9%86%db%8c-%d8%a8%d9%87%d8%b4%d8%aa%db%8c
8235,نقی سلیمانی,/profile/8235-naghi-soleimani
703,زیگموند فروید,/profile/703-sigmund-freud
44118,پل راکت,/profile/44118-paul-rockett
7139,علیرضا ارواحی,/profile/7139-alireza-avahi
8690,نله نویهاوس,/profile/8690-nele-neuhaus
22864,صالح تسبیحی,/profile/22864-%d8%b5%d8%a7%d9%84%d8%ad-%d8%aa%d8%b3%d8%a8%db%8c%d8%ad%db%8c
3292,مریم اسلامی,/profile/3292-maryam-eslami
34283,آناستازیا نوویک,/profile/34283-anastasia-novykh
51541,هادی صادقی,/profile/51541-%d9%87%d8%a7%d8%af%db%8c-%d8%b5%d8%a7%d8%af%d9%82%db%8c
12059,فتحی ساسی,/profile/12059-fathi-sasi
3644,راحیل ذبیحی,/profile/3644-rahil-zabihi
18129,ویلیام باک,/profile/18129-william-buck
23367,ایرج پارسی نژاد,/profile/23367-%d8%a7%db%8c%d8%b1%d8%ac-%d9%be%d8%a7%d8%b1%d8%b3%db%8c-%d9%86%da%98%d8%a7%d8%af
63616,فاطمه کمالی,/profile/63616-%d9%81%d8%a7%d8%b7%d9%85%d9%87-%da%a9%d9%85%d8%a7%d9%84%db%8c
10659,جی بی پریستلی,/profile/10659-j-b-priestley
56252,دبورا لوی,/profile/56252-deborah-levy
18123,مانلیو آرگه تا,/profile/18123-manlio-argueta
30638,شریل ابرلی,/profile/30638-sheryl-eberly
17090,محمد مهاجرانی,/profile/17090-%d9%85%d8%ad%d9%85%d8%af-%d9%85%d9%87%d8%a7%d8%ac%d8%b1%d8%a7%d9%86%db%8c
4377,جان گوردون,/profile/4377-jon-gordon
403,محمدرضا پارسایار,/profile/403-%d9%85%d8%ad%d9%85%d8%af%d8%b1%d8%b6%d8%a7-%d9%be%d8%a7%d8%b1%d8%b3%d8%a7%db%8c%d8%a7%d8%b1
14092,جان پی گلنون,/profile/14092-john-p-glennon
10416,کریس لان,/profile/10416-chris-lawn
37866,ایرج اله دادی,/profile/37866-%d8%a7%db%8c%d8%b1%d8%ac-%d8%a7%d9%84%d9%87-%d8%af%d8%a7%d8%af%db%8c
25142,وس لیندن,/profile/25142-wes-linden
48623,سمیه پورمنفرد,/profile/48623-%d8%b3%d9%85%db%8c%d9%87-%d9%be%d9%88%d8%b1%d9%85%d9%86%d9%81%d8%b1%d8%af
12988,باب تورس,/profile/12988-bob-torres
43536,فاطمه حسینی اسحق آبادی,/profile/43536-%d9%81%d8%a7%d8%b7%d9%85%d9%87-%d8%ad%d8%b3%db%8c%d9%86%db%8c-%d8%a7%d8%b3%d8%ad%d9%82-%d8%a2%d8%a8%d8%a7%d8%af%db%8c
41704,ایرج بهرامی,/profile/41704-%d8%a7%db%8c%d8%b1%d8%ac-%d8%a8%d9%87%d8%b1%d8%a7%d9%85%db%8c
45957,رابرت کوتیتا,/profile/45957-robert-a-cutietta
29322,میرعبدالحسین نقیب زاده جلالی,/profile/29322-%d9%85%db%8c%d8%b1%d8%b9%d8%a8%d8%af%d8%a7%d9%84%d8%ad%d8%b3%db%8c%d9%86-%d9%86%d9%82%db%8c%d8%a8-%d8%b2%d8%a7%d8%af%d9%87-%d8%ac%d9%84%d8%a7%d9%84%db%8c
55880,پژوهشکده مطالعات راهبردی,/profile/55880-%d9%be%da%98%d9%88%d9%87%d8%b4%da%a9%d8%af%d9%87-%d9%85%d8%b7%d8%a7%d9%84%d8%b9%d8%a7%d8%aa-%d8%b1%d8%a7%d9%87%d8%a8%d8%b1%d8%af%db%8c
46546,علیرضا هادی پوربرزگر,/profile/46546-%d8%b9%d9%84%db%8c%d8%b1%d8%b6%d8%a7-%d9%87%d8%a7%d8%af%db%8c-%d9%be%d9%88%d8%b1%d8%a8%d8%b1%d8%b2%da%af%d8%b1
39681,جس استکهام,/profile/39681-jess-stockham
70159,آلن اسکینز,/profile/70159-allen-eskens
63619,طوبی خوه,/profile/63619-%d8%b7%d9%88%d8%a8%db%8c-%d8%ae%d9%88%d9%87
17306,دیان دیسلورایان,/profile/17306-dyanne-disalvo-ryan
26422,جیمز وارن,/profile/26422-james-warren
345,یاکوب آرژونی,/profile/345-jakob-arjouni
41152,اندرو والز,/profile/41152-andrew-f-walls
28697,محمدباقر شریعتی سبزواری,/profile/28697-%d9%85%d8%ad%d9%85%d8%af%d8%a8%d8%a7%d9%82%d8%b1-%d8%b4%d8%b1%db%8c%d8%b9%d8%aa%db%8c-%d8%b3%d8%a8%d8%b2%d9%88%d8%a7%d8%b1%db%8c
10047,سریا داودی حموله,/profile/10047-seris-davoudi
681,راینر ماریا ریلکه,/profile/681-rainer-maria-rilke
5181,جمال اکرمی,/profile/5181-%d8%ac%d9%85%d8%a7%d9%84-%d8%a7%da%a9%d8%b1%d9%85%db%8c
21405,ترز برترا,/profile/21405-th%c3%a9r%c3%a8se-bertherat
12,پاتریک مودیانو,/profile/12-patrick-modiano
1025,امی کادی,/profile/1025-amy-cuddy
26020,جمشید شیخ لارآبادی,/profile/26020-jamshid-sheykh
33432,فرانک دارابانت,/profile/33432-frank-darabont
31297,مری آماتو,/profile/31297-mary-amato
26273,رویا جوانی,/profile/26273-%d8%b1%d9%88%db%8c%d8%a7-%d8%ac%d9%88%d8%a7%d9%86%db%8c
55995,ولادیمیر سوتیف,/profile/55995-vladimir-suteev
16239,اسفندیار معتمدی,/profile/16239-esfandiar-motamedi
710,آلن دوباتن,/profile/710-alain-de-botton
24833,رها زادمهر,/profile/24833-%d8%b1%d9%87%d8%a7-%d8%b2%d8%a7%d8%af%d9%85%d9%87%d8%b1
8561,صدرالدین عینی,/profile/8561-sadriddin-ayni
18161,حمید ضیایی پرور,/profile/18161-hamid-ziaee-parvar
85,رومن رولان,/profile/85-romain-rolland
12295,اشو,/profile/12295-osho
19936,برنیس رنو,/profile/19936-b%c3%a9r%c3%a9nice-reynaud
12365,پل لوران اسون,/profile/12365-paul-laurent-assoun
27270,ژرژ شوله,/profile/27270-georges-chaulet
4819,احسان مظلومی,/profile/4819-ehsan-mazlumi
2885,اریک امانوئل اشمیت,/profile/2885-%c3%a9ric-emmanuel-schmitt
16862,سو هادفیلد,/profile/16862-sue-hadfield
7887,ماتیو مک کی,/profile/7887-matthew-mckay
22966,بئاتریس اوسس,/profile/22966-beatriz-os%c3%a9s
9589,محمد مساوات,/profile/9589-mohammad-mosavat
13412,آری چانگ,/profile/13412-arree-chung
64238,مسعود چقازردی,/profile/64238-%d9%85%d8%b3%d8%b9%d9%88%d8%af-%da%86%d9%82%d8%a7%d8%b2%d8%b1%d8%af%db%8c
26833,ایمان افشاریان,/profile/26833-%d8%a7%db%8c%d9%85%d8%a7%d9%86-%d8%a7%d9%81%d8%b4%d8%a7%d8%b1%db%8c%d8%a7%d9%86
17119,فاطمه ایمانی,/profile/17119-fatemeh-imani
63132,دیوید شافر,/profile/63132-david-r-shaffer
27949,آلن نری,/profile/27949-alan-norrie
9185,کارل پوپر,/profile/9185-karl-popper
24046,رویا رستمی,/profile/24046-roya-rostami
14429,مصطفی خرامان,/profile/14429-mostafa-kharaman
8268,فردیناند فون شیراخ,/profile/8268-ferdinand-von-schirach
3139,بهنام شهائی,/profile/3139-%d8%a8%d9%87%d9%86%d8%a7%d9%85-%d8%b4%d9%87%d8%a7%d8%a6%db%8c
35976,احمد جعفرنژاد,/profile/35976-%d8%a7%d8%ad%d9%85%d8%af-%d8%ac%d8%b9%d9%81%d8%b1%d9%86%da%98%d8%a7%d8%af
4114,وین دایر,/profile/4114-wayne-walter-dyer
12215,آریستو فانیس,/profile/12215-aristophanes
20496,ریچارد ویلیامز,/profile/20496-richard-williams
932,تنسی ویلیامز,/profile/932-tennessee-williams
7524,یو نسبو,/profile/7524-jo-nesb%c3%b8
11876,کاوه فرخ,/profile/11876-kaveh-farrokh
49904,کریستوفر ای کوپر,/profile/49904-christopher-e-cooper
7696,جواد افهمی,/profile/7696-javad-afhami
3625,محمود نامنی,/profile/3625-%d9%85%d8%ad%d9%85%d9%88%d8%af-%d9%86%d8%a7%d9%85%d9%86%db%8c
5156,تکین حمزه لو,/profile/5156-%d8%aa%da%a9%db%8c%d9%86-%d8%ad%d9%85%d8%b2%d9%87-%d9%84%d9%88
22172,محمود زند مقدم,/profile/22172-%d9%85%d8%ad%d9%85%d9%88%d8%af-%d8%b2%d9%86%d8%af-%d9%85%d9%82%d8%af%d9%85
41331,مظفرالدین شاه قاجار,/profile/41331-%d9%85%d8%b8%d9%81%d8%b1%d8%a7%d9%84%d8%af%db%8c%d9%86-%d8%b4%d8%a7%d9%87-%d9%82%d8%a7%d8%ac%d8%a7%d8%b1
37229,دیوید ال راجرز,/profile/37229-david-l-rogers
3712,گروه مولفان,/profile/3712-%da%af%d8%b1%d9%88%d9%87-%d9%85%d9%88%d9%84%d9%81%d8%a7%d9%86
18329,محمدعلی جاودان,/profile/18329-%d9%85%d8%ad%d9%85%d8%af%d8%b9%d9%84%db%8c-%d8%ac%d8%a7%d9%88%d8%af%d8%a7%d9%86
40706,رالف مرکل,/profile/40706-rolf-merkle
520,باربارا پارک,/profile/520-barbara-park
66946,گریسی کیم,/profile/66946-graci-kim
4931,عبدالحسین آذرنگ,/profile/4931-%d8%b9%d8%a8%d8%af%d8%a7%d9%84%d8%ad%d8%b3%db%8c%d9%86-%d8%a2%d8%b0%d8%b1%d9%86%da%af
8616,محمود درویش,/profile/8616-mahmoud-darwish
5784,علی باباجانی,/profile/5784-ali-babajani
14530,عزت الله الوندی,/profile/14530-ezzatullah-alvandi
52568,بالبر دیلون,/profile/52568-b-s-dhillon
29825,اسا لیند,/profile/29825-%c3%a5sa-lind
44613,تومریس اویار,/profile/44613-tomris-uyar
43232,جانی مارسیانو,/profile/43232-johnny-marciano
2417,جورج ساندرز,/profile/2417-george-saunders
9912,جرج دبلیو برنز,/profile/9912-george-w-burns
26427,ژیل تیبو,/profile/26427-gilles-tibo
487,کریس گرابنستاین,/profile/487-chris-grabenstein
35497,نانسی هولیوک,/profile/35497-nancy-holyoke
48638,زهرا کرمی,/profile/48638-%d8%b2%d9%87%d8%b1%d8%a7-%da%a9%d8%b1%d9%85%db%8c
51285,فائزه جعفری نجفی,/profile/51285-%d9%81%d8%a7%d8%a6%d8%b2%d9%87-%d8%ac%d8%b9%d9%81%d8%b1%db%8c-%d9%86%d8%ac%d9%81%db%8c
5601,ابراهیم رها,/profile/5601-ebrahim-raha
66099,ویلیام پاتر,/profile/66099-william-potter
17451,علی دشتی,/profile/17451-ali-dashti
5189,آلن بنت,/profile/5189-alan-bennett
5909,انسیه موسویان,/profile/5909-ensiye-mousavian
45268,مجید حبیبیان نقیبی,/profile/45268-%d9%85%d8%ac%db%8c%d8%af-%d8%ad%d8%a8%db%8c%d8%a8%db%8c%d8%a7%d9%86-%d9%86%d9%82%db%8c%d8%a8%db%8c
8840,حمیدرضا شاه آبادی,/profile/8840-hamidreza-shahabadi
23915,حوریه حسن لویی,/profile/23915-hourieh-hasan-louie
263,نجف دریابندری,/profile/263-%d9%86%d8%ac%d9%81-%d8%af%d8%b1%db%8c%d8%a7%d8%a8%d9%86%d8%af%d8%b1%db%8c
24868,طاهره شاه محمدی,/profile/24868-tahereh-shah-mohammadi
17057,مارک رندولف,/profile/17057-marc-randolph
18854,ای ای میلن,/profile/18854-a-a-milne
70682,سحر صحتی پور,/profile/70682-%d8%b3%d8%ad%d8%b1-%d8%b5%d8%ad%d8%aa%db%8c-%d9%be%d9%88%d8%b1
70681,راحله خنده رو,/profile/70681-%d8%b1%d8%a7%d8%ad%d9%84%d9%87-%d8%ae%d9%86%d8%af%d9%87-%d8%b1%d9%88
65811,ریچارد پنچیک,/profile/65811-richard-panchyk
20240,سونیا صفری,/profile/20240-%d8%b3%d9%88%d9%86%db%8c%d8%a7-%d8%b5%d9%81%d8%b1%db%8c
66362,نادر مجد,/profile/66362-%d9%86%d8%a7%d8%af%d8%b1-%d9%85%d8%ac%d8%af
6255,نرگس درخشان,/profile/6255-%d9%86%d8%b1%da%af%d8%b3-%d8%af%d8%b1%d8%ae%d8%b4%d8%a7%d9%86
28290,راشل هلر,/profile/28290-rachael-f-heller
17118,دکتر محمد مصدق,/profile/17118-%d8%af%da%a9%d8%aa%d8%b1-%d9%85%d8%ad%d9%85%d8%af-%d9%85%d8%b5%d8%af%d9%82
22519,حبیب احمدزاده,/profile/22519-%d8%ad%d8%a8%db%8c%d8%a8-%d8%a7%d8%ad%d9%85%d8%af%d8%b2%d8%a7%d8%af%d9%87
4921,شهربانو قهاری,/profile/4921-shahrbanoo-ghahhari
6162,مارگارت درابل,/profile/6162-margaret-drabble
5747,جودی بلوم,/profile/5747-judy-blume
28942,کیارش غلامی,/profile/28942-%da%a9%db%8c%d8%a7%d8%b1%d8%b4-%d8%ba%d9%84%d8%a7%d9%85%db%8c
34,ایتالو کالوینو,/profile/34-italo-calvino
15274,کوین گسکل,/profile/15274-kevin-gaskell
31519,امانوئل مکرون,/profile/31519-emmanuel-macron
618,ادگار آلن پو,/profile/618-edgar-allan-poe
21422,آندره بو,/profile/21422-andre-boos
10128,جولی کاگاوا,/profile/10128-julie-kagawa
38948,رها حیدری,/profile/38948-%d8%b1%d9%87%d8%a7-%d8%ad%db%8c%d8%af%d8%b1%db%8c
40411,مصطفی جعفری,/profile/40411-%d9%85%d8%b5%d8%b7%d9%81%db%8c-%d8%ac%d8%b9%d9%81%d8%b1%db%8c
20216,سیدنی سایمون,/profile/20216-sidney-b-simon
54701,دیوید بلیک,/profile/54701-david-blake
17885,علیرضا منوچهریان,/profile/17885-alireza-manouchehrian
45740,کرین گتن,/profile/45740-kereen-getten
4447,ابوالمعالی نصرالله منشی,/profile/4447-abu-l-ma-ali-nasrallah
51334,رایلی سیجر,/profile/51334-riley-sager
13445,جولیا کوک,/profile/13445-julia-cook
24712,فضل الله حشمتی رضوی,/profile/24712-%d9%81%d8%b6%d9%84-%d8%a7%d9%84%d9%84%d9%87-%d8%ad%d8%b4%d9%85%d8%aa%db%8c-%d8%b1%d8%b6%d9%88%db%8c
24230,ویلم فلور,/profile/24230-willem-m-floor
12134,زهره پریرخ,/profile/12134-zohreh-parirokh
18601,ثریا اردبیلی,/profile/18601-suraya-ardabili
17009,مقبول العلوی,/profile/17009-maqbul-moussa-al-alawi
68418,محمدابراهیم پناهی,/profile/68418-%d9%85%d8%ad%d9%85%d8%af%d8%a7%d8%a8%d8%b1%d8%a7%d9%87%db%8c%d9%85-%d9%be%d9%86%d8%a7%d9%87%db%8c
8971,علی اکبر احمدی,/profile/8971-aliakbar-ahmadi
2646,آتوسا صالحی,/profile/2646-atoosa-salehi
34977,داگلاس ای لوک,/profile/34977-douglas-a-luke
34434,نیلوفر قائمی فر,/profile/34434-%d9%86%db%8c%d9%84%d9%88%d9%81%d8%b1-%d9%82%d8%a7%d8%a6%d9%85%db%8c-%d9%81%d8%b1
9805,یوهان سباستیان باخ,/profile/9805-bach-johann-sebastian
33590,ژن فرانک,/profile/33590-gene-franks
7053,محمدرضا شفیعی کدکنی,/profile/7053-mohammad-reza-shafiei-kadkani
14311,رابرت جردن,/profile/14311-robert-jordan
29714,پیتر اتدگوئی,/profile/29714-peter-ettedgui
22190,رضا یاوری,/profile/22190-%d8%b1%d8%b6%d8%a7-%db%8c%d8%a7%d9%88%d8%b1%db%8c
3515,سوزان لوری پارکس,/profile/3515-suzan-lori-parks
4941,جاناتان کلمنتس,/profile/4941-jonathan-clements
3300,نیل دونالد والش,/profile/3300-neale-donald-walsch
13519,اردوان امیراصلانی,/profile/13519-ardavan-amir-aslani
93,شرمن الکسی,/profile/93-sherman-alexie
56832,جوکو کوکونن,/profile/56832-jouko-kokkonen
56831,آرنولد جی. نلسون,/profile/56831-arnold-g-nelson
68550,مرضیه شادپور,/profile/68550-%d9%85%d8%b1%d8%b6%db%8c%d9%87-%d8%b4%d8%a7%d8%af%d9%be%d9%88%d8%b1
34164,روناک مولایی,/profile/34164-%d8%b1%d9%88%d9%86%d8%a7%da%a9-%d9%85%d9%88%d9%84%d8%a7%db%8c%db%8c
16551,هانا ای. هریسون,/profile/16551-hannah-e-harrison
3991,مصطفی رحماندوست,/profile/3991-mostafa-rahmandoost
19081,علیرضا رحیمی بروجردی,/profile/19081-%d8%b9%d9%84%db%8c%d8%b1%d8%b6%d8%a7-%d8%b1%d8%ad%db%8c%d9%85%db%8c-%d8%a8%d8%b1%d9%88%d8%ac%d8%b1%d8%af%db%8c
6226,سعید بیابانکی,/profile/6226-%d8%b3%d8%b9%db%8c%d8%af-%d8%a8%db%8c%d8%a7%d8%a8%d8%a7%d9%86%da%a9%db%8c
581,جک لندن,/profile/581-jack-london
34493,الن اسپراگنز,/profile/34493-ellyn-spragins
43548,محمدحسن جمشیدی,/profile/43548-%d9%85%d8%ad%d9%85%d8%af%d8%ad%d8%b3%d9%86-%d8%ac%d9%85%d8%b4%db%8c%d8%af%db%8c
18180,حسینعلی راشد,/profile/18180-%d8%ad%d8%b3%db%8c%d9%86%d8%b9%d9%84%db%8c-%d8%b1%d8%a7%d8%b4%d8%af
22330,علیرضا طاهری,/profile/22330-%d8%b9%d9%84%db%8c%d8%b1%d8%b6%d8%a7-%d8%b7%d8%a7%d9%87%d8%b1%db%8c
6253,شهره وکیلی,/profile/6253-shohreh-vakili
14630,اسدالله شعبانی,/profile/14630-%d8%a7%d8%b3%d8%af%d8%a7%d9%84%d9%84%d9%87-%d8%b4%d8%b9%d8%a8%d8%a7%d9%86%db%8c
48872,ارسلان سایمن,/profile/48872-arslan-sayman
21137,حامد زارع,/profile/21137-%d8%ad%d8%a7%d9%85%d8%af-%d8%b2%d8%a7%d8%b1%d8%b9
55745,نینیان اسمارت,/profile/55745-ninian-smart
7229,علیرضا زمانی,/profile/7229-alireza-zamani
54329,جان فارمن,/profile/54329-john-farman
47865,کیرین لاروود,/profile/47865-kieran-larwood
31471,دیوید اولریچ,/profile/31471-dave-ulrich
2245,دارن هاردی,/profile/2245-darren-hardy
63612,گلن اف نول,/profile/63612-glenn-knoll
40738,پل هیوئت,/profile/40738-paul-l-hewitt
32443,محبوبه حاج قاسمی,/profile/32443-%d9%85%d8%ad%d8%a8%d9%88%d8%a8%d9%87-%d8%ad%d8%a7%d8%ac-%d9%82%d8%a7%d8%b3%d9%85%db%8c
47864,ساسان کرمی زاده,/profile/47864-%d8%b3%d8%a7%d8%b3%d8%a7%d9%86-%da%a9%d8%b1%d9%85%db%8c-%d8%b2%d8%a7%d8%af%d9%87
2238,یدالله آقاعباسی,/profile/2238-yad-al-lah-agha-abbasi
8136,محمدمهدی تاج لنگرودی,/profile/8136-%d9%85%d8%ad%d9%85%d8%af%d9%85%d9%87%d8%af%db%8c-%d8%aa%d8%a7%d8%ac-%d9%84%d9%86%da%af%d8%b1%d9%88%d8%af%db%8c
5227,ایرج افشار,/profile/5227-iraj-afshar
20879,فیلیس رینولدز نیلر,/profile/20879-phyllis-reynolds-naylor
24138,برانکو میتروویچ,/profile/24138-branko-mitrovic
27503,بوریس گریگوریویچ کوزنتسوف,/profile/27503-boris-grigorjewitsch-kusnezow
29058,یحیی قائدی,/profile/29058-%db%8c%d8%ad%db%8c%db%8c-%d9%82%d8%a7%d8%a6%d8%af%db%8c
8022,مهران سپهران,/profile/8022-mehran-sepehran
53289,محمد افضلی شهری,/profile/53289-%d9%85%d8%ad%d9%85%d8%af-%d8%a7%d9%81%d8%b6%d9%84%db%8c-%d8%b4%d9%87%d8%b1%db%8c
37535,یوسف اردبیلی,/profile/37535-%db%8c%d9%88%d8%b3%d9%81-%d8%a7%d8%b1%d8%af%d8%a8%db%8c%d9%84%db%8c
15154,عبدالحسین امینی,/profile/15154-%d8%b9%d8%a8%d8%af%d8%a7%d9%84%d8%ad%d8%b3%db%8c%d9%86-%d8%a7%d9%85%db%8c%d9%86%db%8c
20956,ابراهیم گرجی,/profile/20956-%d8%a7%d8%a8%d8%b1%d8%a7%d9%87%db%8c%d9%85-%da%af%d8%b1%d8%ac%db%8c
16156,فاطمه کسایی زاده,/profile/16156-%d9%81%d8%a7%d8%b7%d9%85%d9%87-%da%a9%d8%b3%d8%a7%db%8c%db%8c-%d8%b2%d8%a7%d8%af%d9%87
32262,سروش مظفر مقدم,/profile/32262-%d8%b3%d8%b1%d9%88%d8%b4-%d9%85%d8%b8%d9%81%d8%b1-%d9%85%d9%82%d8%af%d9%85
15849,محمدحسین نیرومند,/profile/15849-%d9%85%d8%ad%d9%85%d8%af%d8%ad%d8%b3%db%8c%d9%86-%d9%86%db%8c%d8%b1%d9%88%d9%85%d9%86%d8%af
3729,گری نورتفیلد,/profile/3729-gary-northfield
31653,ویلفرید تسیجر,/profile/31653-sir-wilfred-patrick-thesiger
66329,سید محمدعلی داعی نژاد,/profile/66329-%d8%b3%db%8c%d8%af-%d9%85%d8%ad%d9%85%d8%af%d8%b9%d9%84%db%8c-%d8%af%d8%a7%d8%b9%db%8c-%d9%86%da%98%d8%a7%d8%af
40794,بیل هریس,/profile/40794-bill-harris
9643,کیت پین,/profile/9643-keith-payne
13928,آنتونیو لادریلو,/profile/13928-antonio-ladrillo
25442,آسیه شریعتمدار,/profile/25442-%d8%a2%d8%b3%db%8c%d9%87-%d8%b4%d8%b1%db%8c%d8%b9%d8%aa%d9%85%d8%af%d8%a7%d8%b1
33742,کارولین گوین,/profile/33742-carolyn-gavin
50212,سیدعلی دربانی,/profile/50212-%d8%b3%db%8c%d8%af%d8%b9%d9%84%db%8c-%d8%af%d8%b1%d8%a8%d8%a7%d9%86%db%8c
50213,کامدین پارساکیا,/profile/50213-%da%a9%d8%a7%d9%85%d8%af%db%8c%d9%86-%d9%be%d8%a7%d8%b1%d8%b3%d8%a7%da%a9%db%8c%d8%a7
27941,آن ماری مولن,/profile/27941-anne-marie-moulin
18380,مایک وی آزکان,/profile/18380-michael-v-uschan
3513,سام شپرد,/profile/3513-sam-shepard
63226,پاتا گاپریندشویلی,/profile/63226-paata-gaprindashvili
15457,افسانه شعبان نژاد,/profile/15457-afsaneh-shaban-nejad
28755,شهرام علمداری,/profile/28755-%d8%b4%d9%87%d8%b1%d8%a7%d9%85-%d8%b9%d9%84%d9%85%d8%af%d8%a7%d8%b1%db%8c
13510,لیزا تامپسون,/profile/13510-lisa-thompson
7195,رابرت سولومون,/profile/7195-robert-c-solomon
7196,کاتلین هایگینز,/profile/7196-%da%a9%d8%a7%d8%aa%d9%84%db%8c%d9%86-%d9%87%d8%a7%db%8c%da%af%db%8c%d9%86%d8%b2
4937,هوشنگ مرادی کرمانی,/profile/4937-hooshang-moradi-tehrani
22533,محیی الدین ابن عربی,/profile/22533-%d9%85%d8%ad%db%8c%db%8c-%d8%a7%d9%84%d8%af%db%8c%d9%86-%d8%a7%d8%a8%d9%86-%d8%b9%d8%b1%d8%a8%db%8c
51019,واندانا شیوا,/profile/51019-vandana-shiva
29200,زهرا جزایری,/profile/29200-%d8%b2%d9%87%d8%b1%d8%a7-%d8%ac%d8%b2%d8%a7%db%8c%d8%b1%db%8c
27981,ساندرا اسمیدت,/profile/27981-sandra-smidt
55378,یه ناگا تویوکیچی,/profile/55378-toyokichi-iyenaga
16834,رهی معیری,/profile/16834-rahi-mo-ayyeri
538,مژگان کلهر,/profile/538-%d9%85%da%98%da%af%d8%a7%d9%86-%da%a9%d9%84%d9%87%d8%b1
8451,عقیل فولادی,/profile/8451-%d8%b9%d9%82%db%8c%d9%84-%d9%81%d9%88%d9%84%d8%a7%d8%af%db%8c
2842,آن پچت,/profile/2842-ann-patchett
4522,فردریک دار,/profile/4522-frederic-dard
3285,شیموس هینی,/profile/3285-seamus-heaney
48476,دبلیو گرین,/profile/48476-don-w-green
43859,مانی چهکندی نژاد,/profile/43859-%d9%85%d8%a7%d9%86%db%8c-%da%86%d9%87%da%a9%d9%86%d8%af%db%8c-%d9%86%da%98%d8%a7%d8%af
25335,جمیل حسنلی,/profile/25335-cemil-hesenli
38262,ایوب خان دین,/profile/38262-ayub-khan-din
49,پیتر کری,/profile/49-peter-carey
18442,آلبرت بریل,/profile/18442-albert-barill%c3%a9
53033,محسن دلیر,/profile/53033-%d9%85%d8%ad%d8%b3%d9%86-%d8%af%d9%84%db%8c%d8%b1
4536,علیرضا منجمی,/profile/4536-alireza-monajemi
44841,حکمت نعمت,/profile/44841-hikmat-nemat
20610,والتر لیپمن,/profile/20610-walter-lippmann
35705,محمدجواد اصغرپور,/profile/35705-%d9%85%d8%ad%d9%85%d8%af%d8%ac%d9%88%d8%a7%d8%af-%d8%a7%d8%b5%d8%ba%d8%b1%d9%be%d9%88%d8%b1
4680,عبدالکریم سروش,/profile/4680-abdolkarim-soroush
19031,حسن بشیر,/profile/19031-%d8%ad%d8%b3%d9%86-%d8%a8%d8%b4%db%8c%d8%b1
42035,باربارا وارام,/profile/42035-barbara-wharram
19232,یوزف شاخت,/profile/19232-joseph-schacht
5000,محمدرضا بایرامی,/profile/5000-mohammadreza-bayrami
45433,خوان داوید نازیو,/profile/45433-juan-david-nasio
811,آسترید لیندگرن,/profile/811-astrid-lindgren
10172,شادی داودی,/profile/10172-shadi-davoudi
27414,راجر کورمن,/profile/27414-roger-corman
38721,سپیده محمدیان,/profile/38721-%d8%b3%d9%be%db%8c%d8%af%d9%87-%d9%85%d8%ad%d9%85%d8%af%db%8c%d8%a7%d9%86
30607,جودی لی بچمن,/profile/30607-judy-lee-bachman
32337,ماری پاپ آزبرن,/profile/32337-mary-pope-osborne
9678,احمد درخشان,/profile/9678-ahmad-derakhshan
34071,امیر دژاکام,/profile/34071-%d8%a7%d9%85%db%8c%d8%b1-%d8%af%da%98%d8%a7%da%a9%d8%a7%d9%85
24930,محمد علی رضا پور,/profile/24930-%d9%85%d8%ad%d9%85%d8%af-%d8%b9%d9%84%db%8c-%d8%b1%d8%b6%d8%a7-%d9%be%d9%88%d8%b1
13048,فرانسیس هاردینگ,/profile/13048-frances-hardinge
70043,فیل گیتز,/profile/70043-phil-gates
6410,بنانا یوشیموتو,/profile/6410-banana-yoshimoto
55650,عباس مزینانی,/profile/55650-%d8%b9%d8%a8%d8%a7%d8%b3-%d9%85%d8%b2%db%8c%d9%86%d8%a7%d9%86%db%8c
47250,ایمان سیدی,/profile/47250-%d8%a7%db%8c%d9%85%d8%a7%d9%86-%d8%b3%db%8c%d8%af%db%8c
28808,جاناتان هیل,/profile/28808-hale-jonathan
5621,آیزایا برلین,/profile/5621-isaiah-berlin
52311,محمدحسین آیتی,/profile/52311-%d9%85%d8%ad%d9%85%d8%af%d8%ad%d8%b3%db%8c%d9%86-%d8%a2%db%8c%d8%aa%db%8c
20632,کاووس حسن لی,/profile/20632-%da%a9%d8%a7%d9%88%d9%88%d8%b3-%d8%ad%d8%b3%d9%86-%d9%84%db%8c
974,گارت نیکس,/profile/974-garth-nix
33998,شهره مرشدی,/profile/33998-%d8%b4%d9%87%d8%b1%d9%87-%d9%85%d8%b1%d8%b4%d8%af%db%8c
31007,محمدجواد ظریف,/profile/31007-%d9%85%d8%ad%d9%85%d8%af%d8%ac%d9%88%d8%a7%d8%af-%d8%b8%d8%b1%db%8c%d9%81
28885,دیوید رابنستین,/profile/28885-david-m-rubenstein
17659,سوگند رمضانی,/profile/17659-sogand-ramezani
3241,شبنم سمیعیان,/profile/3241-shabnam-samiyan
51443,میشائیل پتروویتس,/profile/51443-michael-petrowitz
488,سینتیا کادوهاتا,/profile/488-cynthia-kadohata
23271,مجید احمدی,/profile/23271-majid-ahmadi
29764,آیرا مارک میلن,/profile/29764-ira-mark-milne
4633,غلامرضا طریقی,/profile/4633-gholamreza-tarighi
13353,فیلیپ ریو,/profile/13353-philip-reeve
19276,کومن,/profile/19276-kumon-publishing
22849,فاطمه حیدری,/profile/22849-%d9%81%d8%a7%d8%b7%d9%85%d9%87-%d8%ad%db%8c%d8%af%d8%b1%db%8c
4858,سید علی صالحی,/profile/4858-seyed-ali-salehi
9421,ربکا مکای,/profile/9421-rebecca-makkai
28529,مایکل پاول,/profile/28529-michael-powell
9513,سید رضا حیات الغیب,/profile/9513-%d8%b3%db%8c%d8%af-%d8%b1%d8%b6%d8%a7-%d8%ad%db%8c%d8%a7%d8%aa-%d8%a7%d9%84%d8%ba%db%8c%d8%a8
30408,پاتریشیا گوچی,/profile/30408-patricia-gucci
9577,جان ای سنفورد,/profile/9577-john-a-sanford
21412,راجر هارگریوز,/profile/21412-roger-hargreaves
21180,محسن ربانی جویباری,/profile/21180-%d9%85%d8%ad%d8%b3%d9%86-%d8%b1%d8%a8%d8%a7%d9%86%db%8c-%d8%ac%d9%88%db%8c%d8%a8%d8%a7%d8%b1%db%8c
649,داشیل همت,/profile/649-dashiell-hammett
16861,جرالد لارو,/profile/16861-gerald-a-larue
10595,یوهانس ایتن,/profile/10595-johannes-itten
10793,کاترین ای فوکس,/profile/10793-katherine-a-fowkes
18149,غلامرضا حیدری ابهری,/profile/18149-%d8%ba%d9%84%d8%a7%d9%85%d8%b1%d8%b6%d8%a7-%d8%ad%db%8c%d8%af%d8%b1%db%8c-%d8%a7%d8%a8%d9%87%d8%b1%db%8c
18700,مهدی وحیدی صدر,/profile/18700-mehdi-vahidi
22544,مجتبی مقصودی,/profile/22544-%d9%85%d8%ac%d8%aa%d8%a8%db%8c-%d9%85%d9%82%d8%b5%d9%88%d8%af%db%8c
50967,محمدباقر حشمت زاده,/profile/50967-%d9%85%d8%ad%d9%85%d8%af%d8%a8%d8%a7%d9%82%d8%b1-%d8%ad%d8%b4%d9%85%d8%aa-%d8%b2%d8%a7%d8%af%d9%87
11460,لیندا سیگر,/profile/11460-linda-seger
14367,رونه رندل,/profile/14367-ronne-randall
40294,ایمی سالتزمن,/profile/40294-amy-saltzman
26736,محمد صمدی کاشانی,/profile/26736-mohammad-samadi
39759,جیل مورفی,/profile/39759-jill-murphy
23871,م عطاریانی,/profile/23871-mohammad-attariani
19424,مارلو مورگان,/profile/19424-marlo-morgan
46188,نسترن دهقان نجم آبادی,/profile/46188-%d9%86%d8%b3%d8%aa%d8%b1%d9%86-%d8%af%d9%87%d9%82%d8%a7%d9%86-%d9%86%d8%ac%d9%85-%d8%a2%d8%a8%d8%a7%d8%af%db%8c
2198,سعدی,/profile/2198-saadi
51543,حامد علی اکبرزاده,/profile/51543-%d8%ad%d8%a7%d9%85%d8%af-%d8%b9%d9%84%db%8c-%d8%a7%da%a9%d8%a8%d8%b1%d8%b2%d8%a7%d8%af%d9%87
39582,کارول تامپسون,/profile/39582-carol-thompson
12022,اوا خرلاخ,/profile/12022-eva-gerlach
46986,دانش نصیری نیا,/profile/46986-%d8%af%d8%a7%d9%86%d8%b4-%d9%86%d8%b5%db%8c%d8%b1%db%8c-%d9%86%db%8c%d8%a7
24609,ناصر بیک زاده مرزبانی,/profile/24609-%d9%86%d8%a7%d8%b5%d8%b1-%d8%a8%db%8c%da%a9-%d8%b2%d8%a7%d8%af%d9%87-%d9%85%d8%b1%d8%b2%d8%a8%d8%a7%d9%86%db%8c
38563,هانس فاوری,/profile/38563-hans-faverey
589,میخائیل بولگاکف,/profile/589-mikhail-bulgakov
23651,تورج عاطف,/profile/23651-%d8%aa%d9%88%d8%b1%d8%ac-%d8%b9%d8%a7%d8%b7%d9%81
1091,گوستاو فلوبر,/profile/1091-gustave-flaubert
6650,ژرژ ساند,/profile/6650-george-sand
28891,ابوالحسن ریاضی,/profile/28891-%d8%a7%d8%a8%d9%88%d8%a7%d9%84%d8%ad%d8%b3%d9%86-%d8%b1%db%8c%d8%a7%d8%b6%db%8c
53433,غلامرضا کیانی,/profile/53433-gholam-reza-kiani
